date,slug,title,primary_keyword,category,status,url
2026-07-20,zapusk-onlayn-kursa-s-nulya-plan-6-nedel,Запуск онлайн-курса с нуля: план на 6 недель,запуск онлайн-курса,Практика,published,https://gipoteza-agency.ru/blog/zapusk-onlayn-kursa-s-nulya-plan-6-nedel
2026-07-20,webinar-funnel-step-by-step,Вебинарная воронка: пошаговая схема построения,вебинарная воронка,Практика,published,https://gipoteza-agency.ru/blog/webinar-funnel-step-by-step
2026-07-20,trafik-na-vebinar-gde-brat-registracii,Трафик на вебинар: где брать регистрации в 2026,трафик на вебинар,Маркетинг,published,https://gipoteza-agency.ru/blog/trafik-na-vebinar-gde-brat-registracii
2026-07-20,scenarij-prodayushchego-vebinara,Сценарий продающего вебинара: структура до оплаты,сценарий продающего вебинара,Практика,published,https://gipoteza-agency.ru/blog/scenarij-prodayushchego-vebinara
2026-07-22,avtovebinarnaya-voronka,Автовебинарная воронка: продажи курса без живых эфиров,автовебинарная воронка,Практика,published,https://gipoteza-agency.ru/blog/avtovebinarnaya-voronka
2026-07-22,platformy-dlya-vebinarov-2026,Платформы для вебинаров 2026: сравнение,платформа для вебинаров,Инструменты,published,https://gipoteza-agency.ru/blog/platformy-dlya-vebinarov-2026
2026-07-22,target-vk-dlya-onlayn-shkoly,Таргет ВКонтакте для онлайн-школы: связки на дешёвые лиды,таргет вк для онлайн-школы,Маркетинг,published,https://gipoteza-agency.ru/blog/target-vk-dlya-onlayn-shkoly
2026-07-22,offer-na-vebinare,"Оффер на вебинаре: как упаковать, чтобы покупали в эфире",оффер на вебинаре,Практика,published,https://gipoteza-agency.ru/blog/offer-na-vebinare
2026-07-22,progrev-pered-vebinarom,"Прогрев перед вебинаром: письма, бот и напоминания",прогрев перед вебинаром,Практика,published,https://gipoteza-agency.ru/blog/progrev-pered-vebinarom
2026-07-23,dokhodymost-do-vebinara,Доходимость до вебинара: как поднять с 20 до 40%,доходимость до вебинара,Аналитика,published,https://gipoteza-agency.ru/blog/dokhodymost-do-vebinara
2026-07-23,avtavoronka-dlya-onlayn-shkoly,Автоворонка для онлайн-школы: механика и примеры,автоворонка для онлайн-школы,Практика,published,https://gipoteza-agency.ru/blog/avtavoronka-dlya-onlayn-shkoly
2026-07-23,romi-i-unit-ekonomika-zapuska,ROMI и unit-экономика запуска: как считать окупаемость,окупаемость запуска,Экономика,published,https://gipoteza-agency.ru/blog/romi-i-unit-ekonomika-zapuska
2026-07-23,dozim-posle-vebinara-cepochka,Дожим после вебинара: продажи за 48 часов,дожим после вебинара,Практика,published,https://gipoteza-agency.ru/blog/dozim-posle-vebinara-cepochka
2026-07-23,produsirovanie-onlayn-kursov,Продюсирование онлайн-курсов: что делает продюсер,продюсирование онлайн-курсов,Аналитика,published,https://gipoteza-agency.ru/blog/produsirovanie-onlayn-kursov
2026-07-24,priglashenie-na-vebinar-pismo,Письмо-приглашение на вебинар: структура и примеры,приглашение на вебинар,Маркетинг,published,https://gipoteza-agency.ru/blog/priglashenie-na-vebinar-pismo
2026-07-24,lid-magnit-dlya-onlayn-shkoly,Лид-магнит для онлайн-школы: идеи для сбора базы,лид-магнит онлайн-школа,Маркетинг,published,https://gipoteza-agency.ru/blog/lid-magnit-dlya-onlayn-shkoly
2026-07-24,email-rassylki-dlya-onlayn-shkoly,Email-рассылки для онлайн-школы: прогрев базы,рассылки для онлайн-школы,Маркетинг,published,https://gipoteza-agency.ru/blog/email-rassylki-dlya-onlayn-shkoly
2026-07-24,oshibki-zapuska-kursa,"10 ошибок запуска курса, которые убивают продажи",ошибки запуска курса,Аналитика,published,https://gipoteza-agency.ru/blog/oshibki-zapuska-kursa
2026-07-24,stoimost-webinarnoy-voronki,Сколько стоит вебинарная воронка в 2026,стоимость вебинарной воронки,Экономика,published,https://gipoteza-agency.ru/blog/stoimost-webinarnoy-voronki
2026-07-25,roi-zapuska-onlayn-kursa,ROI запуска онлайн-курса: формула и реальные цифры,roi запуска онлайн-курса,Экономика,published,https://gipoteza-agency.ru/blog/roi-zapuska-onlayn-kursa
2026-07-25,tripwire-dlya-onlayn-shkoly,Трипваер для онлайн-школы: как ускорить окупаемость воронки,трипваер для онлайн-школы,Практика,published,https://gipoteza-agency.ru/blog/tripwire-dlya-onlayn-shkoly
2026-07-25,4-week-course-launch-timeline-solo-expert,Запуск курса без команды: план на 4 недели,план запуска онлайн-курса без команды,Практика,published,https://gipoteza-agency.ru/blog/4-week-course-launch-timeline-solo-expert
2026-07-25,telegram-bot-avtovoronka-onlain-shkola,Телеграм-бот для онлайн-школы: автоворонка в мессенджере,телеграм-бот для онлайн-школы,Инструменты,published,https://gipoteza-agency.ru/blog/telegram-bot-avtovoronka-onlain-shkola
2026-07-25,apsell-i-kross-sell-posle-zapuska-ltv-uchenika,Апселл и кросс-селл в онлайн-школе: растим LTV без трафика,апселл в онлайн-школе,Экономика,published,https://gipoteza-agency.ru/blog/apsell-i-kross-sell-posle-zapuska-ltv-uchenika
2026-07-26,keys-zapusk-onlayn-kursa-bez-bloga-million,Кейс: 1 млн с первого запуска курса без блога,кейс запуск онлайн-курса без блога,Кейсы,published,https://gipoteza-agency.ru/blog/keys-zapusk-onlayn-kursa-bez-bloga-million
2026-07-26,prodazhi-cherez-diagnostiku-online,Продажи через диагностику: замена вебинару в воронке,продажи через диагностику онлайн,Практика,published,https://gipoteza-agency.ru/blog/prodazhi-cherez-diagnostiku-online
2026-07-26,segmentatsiya-bazy-pered-zapuskom-kursa,Сегментация базы перед запуском курса,сегментация базы для запуска курса,Маркетинг,published,https://gipoteza-agency.ru/blog/segmentatsiya-bazy-pered-zapuskom-kursa
2026-07-26,content-plan-progrev-telegram-kanal,Контент-план прогрева в Telegram: что и когда публиковать,контент-план прогрев телеграм канал,Маркетинг,published,https://gipoteza-agency.ru/blog/content-plan-progrev-telegram-kanal
2026-07-26,voronka-dlya-nastavnichestva,Воронка для наставничества с чеком от 100к,воронка для наставничества,Практика,published,https://gipoteza-agency.ru/blog/voronka-dlya-nastavnichestva
